station_id,hours_ago,temperature,atmospheric_pressure,relative_humidity,validation_status
AWS-ASSAM-001,11,27.2,1008.1,72,VALID
AWS-ASSAM-001,10,27.5,1008.0,70,VALID
AWS-ASSAM-001,9,28.1,1007.8,68,VALID
AWS-ASSAM-001,8,28.9,1007.5,66,VALID
AWS-ASSAM-001,7,29.3,1007.1,65,VALID
AWS-ASSAM-001,6,49.0,1007.0,64,VALID
AWS-ASSAM-001,5,30.1,1006.9,62,VALID
AWS-ASSAM-001,4,30.3,1006.8,61,VALID
AWS-ASSAM-001,4,30.3,1006.8,61,DUPLICATE
AWS-ASSAM-001,3,30.0,1006.7,60,VALID
AWS-ASSAM-001,2,29.5,1006.6,,MISSING_VALUE
AWS-ASSAM-001,1,28.8,1006.7,58,VALID
AWS-ASSAM-001,0,28.1,1006.8,60,VALID
AWS-MEGHALAYA-002,6,18.2,803.0,75,VALID
AWS-MEGHALAYA-002,5,18.3,802.8,76,VALID
AWS-MEGHALAYA-002,4,18.5,802.5,73,VALID
AWS-MEGHALAYA-002,3,18.8,802.0,72,VALID
AWS-MEGHALAYA-002,2,19.0,702.0,70,VALID
AWS-MEGHALAYA-002,1,18.7,801.8,71,VALID
AWS-MEGHALAYA-002,0,18.5,801.9,73,VALID
AWS-ARUNACHAL-003,42,24.0,970.0,81,VALID
AWS-ARUNACHAL-003,41,24.2,969.8,82,VALID
AWS-ARUNACHAL-003,40,25.0,969.5,84,VALID
AWS-ARUNACHAL-003,39,25.4,969.1,86,VALID
AWS-ARUNACHAL-003,38,25.2,968.9,85,VALID
AWS-ARUNACHAL-003,37,25.0,968.7,83,VALID
AWS-ARUNACHAL-003,36,24.8,968.5,82,STALE_OFFLINE